"Program","Year","Period","Week Ending","Geo Level","State","State ANSI","Ag District","Ag District Code","County","County ANSI","Zip Code","Region","watershed_code","Watershed","Commodity","Data Item","Domain","Domain Category","Value","CV (%)"
"SURVEY","2021","YEAR","","STATE","ILLINOIS","17","","","","","","","00000000","","CORN","CORN - ACRES PLANTED","TOTAL","NOT SPECIFIED","11,000,000",""
"SURVEY","2021","YEAR","","STATE","ILLINOIS","17","","","","","","","00000000","","SOYBEANS","SOYBEANS - ACRES PLANTED","TOTAL","NOT SPECIFIED","10,600,000",""
"SURVEY","2021","YEAR","","STATE","INDIANA","18","","","","","","","00000000","","CORN","CORN - ACRES PLANTED","TOTAL","NOT SPECIFIED","5,400,000",""
"SURVEY","2021","YEAR","","STATE","INDIANA","18","","","","","","","00000000","","SOYBEANS","SOYBEANS - ACRES PLANTED","TOTAL","NOT SPECIFIED","5,650,000",""
"SURVEY","2021","YEAR","","STATE","IOWA","19","","","","","","","00000000","","CORN","CORN - ACRES PLANTED","TOTAL","NOT SPECIFIED","12,900,000",""
"SURVEY","2021","YEAR","","STATE","IOWA","19","","","","","","","00000000","","SOYBEANS","SOYBEANS - ACRES PLANTED","TOTAL","NOT SPECIFIED","10,100,000",""
"SURVEY","2021","YEAR","","STATE","MINNESOTA","27","","","","","","","00000000","","CORN","CORN - ACRES PLANTED","TOTAL","NOT SPECIFIED","8,400,000",""
"SURVEY","2021","YEAR","","STATE","MINNESOTA","27","","","","","","","00000000","","SOYBEANS","SOYBEANS - ACRES PLANTED","TOTAL","NOT SPECIFIED","7,650,000",""
"SURVEY","2021","YEAR","","STATE","MISSOURI","29","","","","","","","00000000","","CORN","CORN - ACRES PLANTED","TOTAL","NOT SPECIFIED","3,600,000",""
"SURVEY","2021","YEAR","","STATE","MISSOURI","29","","","","","","","00000000","","SOYBEANS","SOYBEANS - ACRES PLANTED","TOTAL","NOT SPECIFIED","5,700,000",""
"SURVEY","2021","YEAR","","STATE","WISCONSIN","55","","","","","","","00000000","","CORN","CORN - ACRES PLANTED","TOTAL","NOT SPECIFIED","4,000,000",""
"SURVEY","2021","YEAR","","STATE","WISCONSIN","55","","","","","","","00000000","","SOYBEANS","SOYBEANS - ACRES PLANTED","TOTAL","NOT SPECIFIED","2,100,000",""
"SURVEY","2020","YEAR","","STATE","ILLINOIS","17","","","","","","","00000000","","CORN","CORN - ACRES PLANTED","TOTAL","NOT SPECIFIED","11,300,000",""
"SURVEY","2020","YEAR","","STATE","ILLINOIS","17","","","","","","","00000000","","SOYBEANS","SOYBEANS - ACRES PLANTED","TOTAL","NOT SPECIFIED","10,300,000",""
"SURVEY","2020","YEAR","","STATE","INDIANA","18","","","","","","","00000000","","CORN","CORN - ACRES PLANTED","TOTAL","NOT SPECIFIED","5,400,000",""
"SURVEY","2020","YEAR","","STATE","INDIANA","18","","","","","","","00000000","","SOYBEANS","SOYBEANS - ACRES PLANTED","TOTAL","NOT SPECIFIED","5,750,000",""
"SURVEY","2020","YEAR","","STATE","IOWA","19","","","","","","","00000000","","CORN","CORN - ACRES PLANTED","TOTAL","NOT SPECIFIED","13,600,000",""
"SURVEY","2020","YEAR","","STATE","IOWA","19","","","","","","","00000000","","SOYBEANS","SOYBEANS - ACRES PLANTED","TOTAL","NOT SPECIFIED","9,450,000",""
"SURVEY","2020","YEAR","","STATE","MINNESOTA","27","","","","","","","00000000","","CORN","CORN - ACRES PLANTED","TOTAL","NOT SPECIFIED","8,000,000",""
"SURVEY","2020","YEAR","","STATE","MINNESOTA","27","","","","","","","00000000","","SOYBEANS","SOYBEANS - ACRES PLANTED","TOTAL","NOT SPECIFIED","7,450,000",""
"SURVEY","2020","YEAR","","STATE","MISSOURI","29","","","","","","","00000000","","CORN","CORN - ACRES PLANTED","TOTAL","NOT SPECIFIED","3,450,000",""
"SURVEY","2020","YEAR","","STATE","MISSOURI","29","","","","","","","00000000","","SOYBEANS","SOYBEANS - ACRES PLANTED","TOTAL","NOT SPECIFIED","5,850,000",""
"SURVEY","2020","YEAR","","STATE","WISCONSIN","55","","","","","","","00000000","","CORN","CORN - ACRES PLANTED","TOTAL","NOT SPECIFIED","3,950,000",""
"SURVEY","2020","YEAR","","STATE","WISCONSIN","55","","","","","","","00000000","","SOYBEANS","SOYBEANS - ACRES PLANTED","TOTAL","NOT SPECIFIED","2,020,000",""
"SURVEY","2019","YEAR","","STATE","ILLINOIS","17","","","","","","","00000000","","CORN","CORN - ACRES PLANTED","TOTAL","NOT SPECIFIED","10,500,000",""
"SURVEY","2019","YEAR","","STATE","ILLINOIS","17","","","","","","","00000000","","SOYBEANS","SOYBEANS - ACRES PLANTED","TOTAL","NOT SPECIFIED","9,950,000",""
"SURVEY","2019","YEAR","","STATE","INDIANA","18","","","","","","","00000000","","CORN","CORN - ACRES PLANTED","TOTAL","NOT SPECIFIED","5,000,000",""
"SURVEY","2019","YEAR","","STATE","INDIANA","18","","","","","","","00000000","","SOYBEANS","SOYBEANS - ACRES PLANTED","TOTAL","NOT SPECIFIED","5,400,000",""
"SURVEY","2019","YEAR","","STATE","IOWA","19","","","","","","","00000000","","CORN","CORN - ACRES PLANTED","TOTAL","NOT SPECIFIED","13,500,000",""
"SURVEY","2019","YEAR","","STATE","IOWA","19","","","","","","","00000000","","SOYBEANS","SOYBEANS - ACRES PLANTED","TOTAL","NOT SPECIFIED","9,200,000",""
"SURVEY","2019","YEAR","","STATE","MINNESOTA","27","","","","","","","00000000","","CORN","CORN - ACRES PLANTED","TOTAL","NOT SPECIFIED","7,800,000",""
"SURVEY","2019","YEAR","","STATE","MINNESOTA","27","","","","","","","00000000","","SOYBEANS","SOYBEANS - ACRES PLANTED","TOTAL","NOT SPECIFIED","6,850,000",""
"SURVEY","2019","YEAR","","STATE","MISSOURI","29","","","","","","","00000000","","CORN","CORN - ACRES PLANTED","TOTAL","NOT SPECIFIED","3,200,000",""
"SURVEY","2019","YEAR","","STATE","MISSOURI","29","","","","","","","00000000","","SOYBEANS","SOYBEANS - ACRES PLANTED","TOTAL","NOT SPECIFIED","5,100,000",""
"SURVEY","2019","YEAR","","STATE","WISCONSIN","55","","","","","","","00000000","","CORN","CORN - ACRES PLANTED","TOTAL","NOT SPECIFIED","3,800,000",""
"SURVEY","2019","YEAR","","STATE","WISCONSIN","55","","","","","","","00000000","","SOYBEANS","SOYBEANS - ACRES PLANTED","TOTAL","NOT SPECIFIED","1,750,000",""
"SURVEY","2018","YEAR","","STATE","ILLINOIS","17","","","","","","","00000000","","CORN","CORN - ACRES PLANTED","TOTAL","NOT SPECIFIED","11,000,000",""
"SURVEY","2018","YEAR","","STATE","ILLINOIS","17","","","","","","","00000000","","SOYBEANS","SOYBEANS - ACRES PLANTED","TOTAL","NOT SPECIFIED","10,800,000",""
"SURVEY","2018","YEAR","","STATE","INDIANA","18","","","","","","","00000000","","CORN","CORN - ACRES PLANTED","TOTAL","NOT SPECIFIED","5,300,000",""
"SURVEY","2018","YEAR","","STATE","INDIANA","18","","","","","","","00000000","","SOYBEANS","SOYBEANS - ACRES PLANTED","TOTAL","NOT SPECIFIED","6,000,000",""
"SURVEY","2018","YEAR","","STATE","IOWA","19","","","","","","","00000000","","CORN","CORN - ACRES PLANTED","TOTAL","NOT SPECIFIED","13,200,000",""
"SURVEY","2018","YEAR","","STATE","IOWA","19","","","","","","","00000000","","SOYBEANS","SOYBEANS - ACRES PLANTED","TOTAL","NOT SPECIFIED","9,950,000",""
"SURVEY","2018","YEAR","","STATE","MINNESOTA","27","","","","","","","00000000","","CORN","CORN - ACRES PLANTED","TOTAL","NOT SPECIFIED","7,900,000",""
"SURVEY","2018","YEAR","","STATE","MINNESOTA","27","","","","","","","00000000","","SOYBEANS","SOYBEANS - ACRES PLANTED","TOTAL","NOT SPECIFIED","7,750,000",""
"SURVEY","2018","YEAR","","STATE","MISSOURI","29","","","","","","","00000000","","CORN","CORN - ACRES PLANTED","TOTAL","NOT SPECIFIED","3,500,000",""
"SURVEY","2018","YEAR","","STATE","MISSOURI","29","","","","","","","00000000","","SOYBEANS","SOYBEANS - ACRES PLANTED","TOTAL","NOT SPECIFIED","5,850,000",""
"SURVEY","2018","YEAR","","STATE","WISCONSIN","55","","","","","","","00000000","","CORN","CORN - ACRES PLANTED","TOTAL","NOT SPECIFIED","3,900,000",""
"SURVEY","2018","YEAR","","STATE","WISCONSIN","55","","","","","","","00000000","","SOYBEANS","SOYBEANS - ACRES PLANTED","TOTAL","NOT SPECIFIED","2,220,000",""
"SURVEY","2017","YEAR","","STATE","ILLINOIS","17","","","","","","","00000000","","CORN","CORN - ACRES PLANTED","TOTAL","NOT SPECIFIED","11,200,000",""
"SURVEY","2017","YEAR","","STATE","ILLINOIS","17","","","","","","","00000000","","SOYBEANS","SOYBEANS - ACRES PLANTED","TOTAL","NOT SPECIFIED","10,600,000",""
"SURVEY","2017","YEAR","","STATE","INDIANA","18","","","","","","","00000000","","CORN","CORN - ACRES PLANTED","TOTAL","NOT SPECIFIED","5,350,000",""
"SURVEY","2017","YEAR","","STATE","INDIANA","18","","","","","","","00000000","","SOYBEANS","SOYBEANS - ACRES PLANTED","TOTAL","NOT SPECIFIED","5,950,000",""
"SURVEY","2017","YEAR","","STATE","IOWA","19","","","","","","","00000000","","CORN","CORN - ACRES PLANTED","TOTAL","NOT SPECIFIED","13,300,000",""
"SURVEY","2017","YEAR","","STATE","IOWA","19","","","","","","","00000000","","SOYBEANS","SOYBEANS - ACRES PLANTED","TOTAL","NOT SPECIFIED","10,000,000",""
"SURVEY","2017","YEAR","","STATE","MINNESOTA","27","","","","","","","00000000","","CORN","CORN - ACRES PLANTED","TOTAL","NOT SPECIFIED","8,050,000",""
"SURVEY","2017","YEAR","","STATE","MINNESOTA","27","","","","","","","00000000","","SOYBEANS","SOYBEANS - ACRES PLANTED","TOTAL","NOT SPECIFIED","8,150,000",""
"SURVEY","2017","YEAR","","STATE","MISSOURI","29","","","","","","","00000000","","CORN","CORN - ACRES PLANTED","TOTAL","NOT SPECIFIED","3,400,000",""
"SURVEY","2017","YEAR","","STATE","MISSOURI","29","","","","","","","00000000","","SOYBEANS","SOYBEANS - ACRES PLANTED","TOTAL","NOT SPECIFIED","5,950,000",""
"SURVEY","2017","YEAR","","STATE","WISCONSIN","55","","","","","","","00000000","","CORN","CORN - ACRES PLANTED","TOTAL","NOT SPECIFIED","3,900,000",""
"SURVEY","2017","YEAR","","STATE","WISCONSIN","55","","","","","","","00000000","","SOYBEANS","SOYBEANS - ACRES PLANTED","TOTAL","NOT SPECIFIED","2,150,000",""
"SURVEY","2016","YEAR","","STATE","ILLINOIS","17","","","","","","","00000000","","CORN","CORN - ACRES PLANTED","TOTAL","NOT SPECIFIED","11,600,000",""
"SURVEY","2016","YEAR","","STATE","ILLINOIS","17","","","","","","","00000000","","SOYBEANS","SOYBEANS - ACRES PLANTED","TOTAL","NOT SPECIFIED","10,100,000",""
"SURVEY","2016","YEAR","","STATE","INDIANA","18","","","","","","","00000000","","CORN","CORN - ACRES PLANTED","TOTAL","NOT SPECIFIED","5,600,000",""
"SURVEY","2016","YEAR","","STATE","INDIANA","18","","","","","","","00000000","","SOYBEANS","SOYBEANS - ACRES PLANTED","TOTAL","NOT SPECIFIED","5,650,000",""
"SURVEY","2016","YEAR","","STATE","IOWA","19","","","","","","","00000000","","CORN","CORN - ACRES PLANTED","TOTAL","NOT SPECIFIED","13,900,000",""
"SURVEY","2016","YEAR","","STATE","IOWA","19","","","","","","","00000000","","SOYBEANS","SOYBEANS - ACRES PLANTED","TOTAL","NOT SPECIFIED","9,500,000",""
"SURVEY","2016","YEAR","","STATE","MINNESOTA","27","","","","","","","00000000","","CORN","CORN - ACRES PLANTED","TOTAL","NOT SPECIFIED","8,450,000",""
"SURVEY","2016","YEAR","","STATE","MINNESOTA","27","","","","","","","00000000","","SOYBEANS","SOYBEANS - ACRES PLANTED","TOTAL","NOT SPECIFIED","7,550,000",""
"SURVEY","2016","YEAR","","STATE","MISSOURI","29","","","","","","","00000000","","CORN","CORN - ACRES PLANTED","TOTAL","NOT SPECIFIED","3,650,000",""
"SURVEY","2016","YEAR","","STATE","MISSOURI","29","","","","","","","00000000","","SOYBEANS","SOYBEANS - ACRES PLANTED","TOTAL","NOT SPECIFIED","5,600,000",""
"SURVEY","2016","YEAR","","STATE","WISCONSIN","55","","","","","","","00000000","","CORN","CORN - ACRES PLANTED","TOTAL","NOT SPECIFIED","4,050,000",""
"SURVEY","2016","YEAR","","STATE","WISCONSIN","55","","","","","","","00000000","","SOYBEANS","SOYBEANS - ACRES PLANTED","TOTAL","NOT SPECIFIED","1,960,000",""
"SURVEY","2015","YEAR","","STATE","ILLINOIS","17","","","","","","","00000000","","CORN","CORN - ACRES PLANTED","TOTAL","NOT SPECIFIED","11,700,000",""
"SURVEY","2015","YEAR","","STATE","ILLINOIS","17","","","","","","","00000000","","SOYBEANS","SOYBEANS - ACRES PLANTED","TOTAL","NOT SPECIFIED","9,800,000",""
"SURVEY","2015","YEAR","","STATE","INDIANA","18","","","","","","","00000000","","CORN","CORN - ACRES PLANTED","TOTAL","NOT SPECIFIED","5,650,000",""
"SURVEY","2015","YEAR","","STATE","INDIANA","18","","","","","","","00000000","","SOYBEANS","SOYBEANS - ACRES PLANTED","TOTAL","NOT SPECIFIED","5,550,000",""
"SURVEY","2015","YEAR","","STATE","IOWA","19","","","","","","","00000000","","CORN","CORN - ACRES PLANTED","TOTAL","NOT SPECIFIED","13,500,000",""
"SURVEY","2015","YEAR","","STATE","IOWA","19","","","","","","","00000000","","SOYBEANS","SOYBEANS - ACRES PLANTED","TOTAL","NOT SPECIFIED","9,850,000",""
"SURVEY","2015","YEAR","","STATE","MINNESOTA","27","","","","","","","00000000","","CORN","CORN - ACRES PLANTED","TOTAL","NOT SPECIFIED","8,100,000",""
"SURVEY","2015","YEAR","","STATE","MINNESOTA","27","","","","","","","00000000","","SOYBEANS","SOYBEANS - ACRES PLANTED","TOTAL","NOT SPECIFIED","7,600,000",""
"SURVEY","2015","YEAR","","STATE","MISSOURI","29","","","","","","","00000000","","CORN","CORN - ACRES PLANTED","TOTAL","NOT SPECIFIED","3,250,000",""
"SURVEY","2015","YEAR","","STATE","MISSOURI","29","","","","","","","00000000","","SOYBEANS","SOYBEANS - ACRES PLANTED","TOTAL","NOT SPECIFIED","4,550,000",""
"SURVEY","2015","YEAR","","STATE","WISCONSIN","55","","","","","","","00000000","","CORN","CORN - ACRES PLANTED","TOTAL","NOT SPECIFIED","4,000,000",""
"SURVEY","2015","YEAR","","STATE","WISCONSIN","55","","","","","","","00000000","","SOYBEANS","SOYBEANS - ACRES PLANTED","TOTAL","NOT SPECIFIED","1,880,000",""
"SURVEY","2014","YEAR","","STATE","ILLINOIS","17","","","","","","","00000000","","CORN","CORN - ACRES PLANTED","TOTAL","NOT SPECIFIED","11,900,000",""
"SURVEY","2014","YEAR","","STATE","ILLINOIS","17","","","","","","","00000000","","SOYBEANS","SOYBEANS - ACRES PLANTED","TOTAL","NOT SPECIFIED","9,800,000",""
"SURVEY","2014","YEAR","","STATE","INDIANA","18","","","","","","","00000000","","CORN","CORN - ACRES PLANTED","TOTAL","NOT SPECIFIED","5,900,000",""
"SURVEY","2014","YEAR","","STATE","INDIANA","18","","","","","","","00000000","","SOYBEANS","SOYBEANS - ACRES PLANTED","TOTAL","NOT SPECIFIED","5,450,000",""
"SURVEY","2014","YEAR","","STATE","IOWA","19","","","","","","","00000000","","CORN","CORN - ACRES PLANTED","TOTAL","NOT SPECIFIED","13,700,000",""
"SURVEY","2014","YEAR","","STATE","IOWA","19","","","","","","","00000000","","SOYBEANS","SOYBEANS - ACRES PLANTED","TOTAL","NOT SPECIFIED","9,850,000",""
"SURVEY","2014","YEAR","","STATE","MINNESOTA","27","","","","","","","00000000","","CORN","CORN - ACRES PLANTED","TOTAL","NOT SPECIFIED","8,200,000",""
"SURVEY","2014","YEAR","","STATE","MINNESOTA","27","","","","","","","00000000","","SOYBEANS","SOYBEANS - ACRES PLANTED","TOTAL","NOT SPECIFIED","7,350,000",""
"SURVEY","2014","YEAR","","STATE","MISSOURI","29","","","","","","","00000000","","CORN","CORN - ACRES PLANTED","TOTAL","NOT SPECIFIED","3,500,000",""
"SURVEY","2014","YEAR","","STATE","MISSOURI","29","","","","","","","00000000","","SOYBEANS","SOYBEANS - ACRES PLANTED","TOTAL","NOT SPECIFIED","5,650,000",""
"SURVEY","2014","YEAR","","STATE","WISCONSIN","55","","","","","","","00000000","","CORN","CORN - ACRES PLANTED","TOTAL","NOT SPECIFIED","4,000,000",""
"SURVEY","2014","YEAR","","STATE","WISCONSIN","55","","","","","","","00000000","","SOYBEANS","SOYBEANS - ACRES PLANTED","TOTAL","NOT SPECIFIED","1,800,000",""
"SURVEY","2013","YEAR","","STATE","ILLINOIS","17","","","","","","","00000000","","CORN","CORN - ACRES PLANTED","TOTAL","NOT SPECIFIED","12,000,000",""
"SURVEY","2013","YEAR","","STATE","ILLINOIS","17","","","","","","","00000000","","SOYBEANS","SOYBEANS - ACRES PLANTED","TOTAL","NOT SPECIFIED","9,500,000",""
"SURVEY","2013","YEAR","","STATE","INDIANA","18","","","","","","","00000000","","CORN","CORN - ACRES PLANTED","TOTAL","NOT SPECIFIED","6,000,000",""
"SURVEY","2013","YEAR","","STATE","INDIANA","18","","","","","","","00000000","","SOYBEANS","SOYBEANS - ACRES PLANTED","TOTAL","NOT SPECIFIED","5,200,000",""
"SURVEY","2013","YEAR","","STATE","IOWA","19","","","","","","","00000000","","CORN","CORN - ACRES PLANTED","TOTAL","NOT SPECIFIED","13,600,000",""
"SURVEY","2013","YEAR","","STATE","IOWA","19","","","","","","","00000000","","SOYBEANS","SOYBEANS - ACRES PLANTED","TOTAL","NOT SPECIFIED","9,300,000",""
"SURVEY","2013","YEAR","","STATE","MINNESOTA","27","","","","","","","00000000","","CORN","CORN - ACRES PLANTED","TOTAL","NOT SPECIFIED","8,600,000",""
"SURVEY","2013","YEAR","","STATE","MINNESOTA","27","","","","","","","00000000","","SOYBEANS","SOYBEANS - ACRES PLANTED","TOTAL","NOT SPECIFIED","6,700,000",""
"SURVEY","2013","YEAR","","STATE","MISSOURI","29","","","","","","","00000000","","CORN","CORN - ACRES PLANTED","TOTAL","NOT SPECIFIED","3,350,000",""
"SURVEY","2013","YEAR","","STATE","MISSOURI","29","","","","","","","00000000","","SOYBEANS","SOYBEANS - ACRES PLANTED","TOTAL","NOT SPECIFIED","5,650,000",""
"SURVEY","2013","YEAR","","STATE","WISCONSIN","55","","","","","","","00000000","","CORN","CORN - ACRES PLANTED","TOTAL","NOT SPECIFIED","4,100,000",""
"SURVEY","2013","YEAR","","STATE","WISCONSIN","55","","","","","","","00000000","","SOYBEANS","SOYBEANS - ACRES PLANTED","TOTAL","NOT SPECIFIED","1,580,000",""
"SURVEY","2012","YEAR","","STATE","ILLINOIS","17","","","","","","","00000000","","CORN","CORN - ACRES PLANTED","TOTAL","NOT SPECIFIED","12,800,000",""
"SURVEY","2012","YEAR","","STATE","ILLINOIS","17","","","","","","","00000000","","SOYBEANS","SOYBEANS - ACRES PLANTED","TOTAL","NOT SPECIFIED","9,050,000",""
"SURVEY","2012","YEAR","","STATE","INDIANA","18","","","","","","","00000000","","CORN","CORN - ACRES PLANTED","TOTAL","NOT SPECIFIED","6,250,000",""
"SURVEY","2012","YEAR","","STATE","INDIANA","18","","","","","","","00000000","","SOYBEANS","SOYBEANS - ACRES PLANTED","TOTAL","NOT SPECIFIED","5,150,000",""
"SURVEY","2012","YEAR","","STATE","IOWA","19","","","","","","","00000000","","CORN","CORN - ACRES PLANTED","TOTAL","NOT SPECIFIED","14,200,000",""
"SURVEY","2012","YEAR","","STATE","IOWA","19","","","","","","","00000000","","SOYBEANS","SOYBEANS - ACRES PLANTED","TOTAL","NOT SPECIFIED","9,350,000",""
"SURVEY","2012","YEAR","","STATE","MINNESOTA","27","","","","","","","00000000","","CORN","CORN - ACRES PLANTED","TOTAL","NOT SPECIFIED","8,750,000",""
"SURVEY","2012","YEAR","","STATE","MINNESOTA","27","","","","","","","00000000","","SOYBEANS","SOYBEANS - ACRES PLANTED","TOTAL","NOT SPECIFIED","7,050,000",""
"SURVEY","2012","YEAR","","STATE","MISSOURI","29","","","","","","","00000000","","CORN","CORN - ACRES PLANTED","TOTAL","NOT SPECIFIED","3,600,000",""
"SURVEY","2012","YEAR","","STATE","MISSOURI","29","","","","","","","00000000","","SOYBEANS","SOYBEANS - ACRES PLANTED","TOTAL","NOT SPECIFIED","5,400,000",""
"SURVEY","2012","YEAR","","STATE","WISCONSIN","55","","","","","","","00000000","","CORN","CORN - ACRES PLANTED","TOTAL","NOT SPECIFIED","4,350,000",""
"SURVEY","2012","YEAR","","STATE","WISCONSIN","55","","","","","","","00000000","","SOYBEANS","SOYBEANS - ACRES PLANTED","TOTAL","NOT SPECIFIED","1,710,000",""
"SURVEY","2011","YEAR","","STATE","ILLINOIS","17","","","","","","","00000000","","CORN","CORN - ACRES PLANTED","TOTAL","NOT SPECIFIED","12,600,000",""
"SURVEY","2011","YEAR","","STATE","ILLINOIS","17","","","","","","","00000000","","SOYBEANS","SOYBEANS - ACRES PLANTED","TOTAL","NOT SPECIFIED","8,950,000",""
"SURVEY","2011","YEAR","","STATE","INDIANA","18","","","","","","","00000000","","CORN","CORN - ACRES PLANTED","TOTAL","NOT SPECIFIED","5,900,000",""
"SURVEY","2011","YEAR","","STATE","INDIANA","18","","","","","","","00000000","","SOYBEANS","SOYBEANS - ACRES PLANTED","TOTAL","NOT SPECIFIED","5,300,000",""
"SURVEY","2011","YEAR","","STATE","IOWA","19","","","","","","","00000000","","CORN","CORN - ACRES PLANTED","TOTAL","NOT SPECIFIED","14,100,000",""
"SURVEY","2011","YEAR","","STATE","IOWA","19","","","","","","","00000000","","SOYBEANS","SOYBEANS - ACRES PLANTED","TOTAL","NOT SPECIFIED","9,350,000",""
"SURVEY","2011","YEAR","","STATE","MINNESOTA","27","","","","","","","00000000","","CORN","CORN - ACRES PLANTED","TOTAL","NOT SPECIFIED","8,100,000",""
"SURVEY","2011","YEAR","","STATE","MINNESOTA","27","","","","","","","00000000","","SOYBEANS","SOYBEANS - ACRES PLANTED","TOTAL","NOT SPECIFIED","7,100,000",""
"SURVEY","2011","YEAR","","STATE","MISSOURI","29","","","","","","","00000000","","CORN","CORN - ACRES PLANTED","TOTAL","NOT SPECIFIED","3,300,000",""
"SURVEY","2011","YEAR","","STATE","MISSOURI","29","","","","","","","00000000","","SOYBEANS","SOYBEANS - ACRES PLANTED","TOTAL","NOT SPECIFIED","5,350,000",""
"SURVEY","2011","YEAR","","STATE","WISCONSIN","55","","","","","","","00000000","","CORN","CORN - ACRES PLANTED","TOTAL","NOT SPECIFIED","4,150,000",""
"SURVEY","2011","YEAR","","STATE","WISCONSIN","55","","","","","","","00000000","","SOYBEANS","SOYBEANS - ACRES PLANTED","TOTAL","NOT SPECIFIED","1,620,000",""
"SURVEY","2010","YEAR","","STATE","ILLINOIS","17","","","","","","","00000000","","CORN","CORN - ACRES PLANTED","TOTAL","NOT SPECIFIED","12,600,000",""
"SURVEY","2010","YEAR","","STATE","ILLINOIS","17","","","","","","","00000000","","SOYBEANS","SOYBEANS - ACRES PLANTED","TOTAL","NOT SPECIFIED","9,100,000",""
"SURVEY","2010","YEAR","","STATE","INDIANA","18","","","","","","","00000000","","CORN","CORN - ACRES PLANTED","TOTAL","NOT SPECIFIED","5,900,000",""
"SURVEY","2010","YEAR","","STATE","INDIANA","18","","","","","","","00000000","","SOYBEANS","SOYBEANS - ACRES PLANTED","TOTAL","NOT SPECIFIED","5,350,000",""
"SURVEY","2010","YEAR","","STATE","IOWA","19","","","","","","","00000000","","CORN","CORN - ACRES PLANTED","TOTAL","NOT SPECIFIED","13,400,000",""
"SURVEY","2010","YEAR","","STATE","IOWA","19","","","","","","","00000000","","SOYBEANS","SOYBEANS - ACRES PLANTED","TOTAL","NOT SPECIFIED","9,800,000",""
"SURVEY","2010","YEAR","","STATE","MINNESOTA","27","","","","","","","00000000","","CORN","CORN - ACRES PLANTED","TOTAL","NOT SPECIFIED","7,700,000",""
"SURVEY","2010","YEAR","","STATE","MINNESOTA","27","","","","","","","00000000","","SOYBEANS","SOYBEANS - ACRES PLANTED","TOTAL","NOT SPECIFIED","7,400,000",""
"SURVEY","2010","YEAR","","STATE","MISSOURI","29","","","","","","","00000000","","CORN","CORN - ACRES PLANTED","TOTAL","NOT SPECIFIED","3,150,000",""
"SURVEY","2010","YEAR","","STATE","MISSOURI","29","","","","","","","00000000","","SOYBEANS","SOYBEANS - ACRES PLANTED","TOTAL","NOT SPECIFIED","5,150,000",""
"SURVEY","2010","YEAR","","STATE","WISCONSIN","55","","","","","","","00000000","","CORN","CORN - ACRES PLANTED","TOTAL","NOT SPECIFIED","3,900,000",""
"SURVEY","2010","YEAR","","STATE","WISCONSIN","55","","","","","","","00000000","","SOYBEANS","SOYBEANS - ACRES PLANTED","TOTAL","NOT SPECIFIED","1,640,000",""
"SURVEY","2009","YEAR","","STATE","ILLINOIS","17","","","","","","","00000000","","CORN","CORN - ACRES PLANTED","TOTAL","NOT SPECIFIED","12,000,000",""
"SURVEY","2009","YEAR","","STATE","ILLINOIS","17","","","","","","","00000000","","SOYBEANS","SOYBEANS - ACRES PLANTED","TOTAL","NOT SPECIFIED","9,400,000",""
"SURVEY","2009","YEAR","","STATE","INDIANA","18","","","","","","","00000000","","CORN","CORN - ACRES PLANTED","TOTAL","NOT SPECIFIED","5,600,000",""
"SURVEY","2009","YEAR","","STATE","INDIANA","18","","","","","","","00000000","","SOYBEANS","SOYBEANS - ACRES PLANTED","TOTAL","NOT SPECIFIED","5,450,000",""
"SURVEY","2009","YEAR","","STATE","IOWA","19","","","","","","","00000000","","CORN","CORN - ACRES PLANTED","TOTAL","NOT SPECIFIED","13,600,000",""
"SURVEY","2009","YEAR","","STATE","IOWA","19","","","","","","","00000000","","SOYBEANS","SOYBEANS - ACRES PLANTED","TOTAL","NOT SPECIFIED","9,600,000",""
"SURVEY","2009","YEAR","","STATE","MINNESOTA","27","","","","","","","00000000","","CORN","CORN - ACRES PLANTED","TOTAL","NOT SPECIFIED","7,600,000",""
"SURVEY","2009","YEAR","","STATE","MINNESOTA","27","","","","","","","00000000","","SOYBEANS","SOYBEANS - ACRES PLANTED","TOTAL","NOT SPECIFIED","7,200,000",""
"SURVEY","2009","YEAR","","STATE","MISSOURI","29","","","","","","","00000000","","CORN","CORN - ACRES PLANTED","TOTAL","NOT SPECIFIED","3,000,000",""
"SURVEY","2009","YEAR","","STATE","MISSOURI","29","","","","","","","00000000","","SOYBEANS","SOYBEANS - ACRES PLANTED","TOTAL","NOT SPECIFIED","5,350,000",""
"SURVEY","2009","YEAR","","STATE","WISCONSIN","55","","","","","","","00000000","","CORN","CORN - ACRES PLANTED","TOTAL","NOT SPECIFIED","3,850,000",""
"SURVEY","2009","YEAR","","STATE","WISCONSIN","55","","","","","","","00000000","","SOYBEANS","SOYBEANS - ACRES PLANTED","TOTAL","NOT SPECIFIED","1,630,000",""
"SURVEY","2008","YEAR","","STATE","ILLINOIS","17","","","","","","","00000000","","CORN","CORN - ACRES PLANTED","TOTAL","NOT SPECIFIED","12,100,000",""
"SURVEY","2008","YEAR","","STATE","ILLINOIS","17","","","","","","","00000000","","SOYBEANS","SOYBEANS - ACRES PLANTED","TOTAL","NOT SPECIFIED","9,200,000",""
"SURVEY","2008","YEAR","","STATE","INDIANA","18","","","","","","","00000000","","CORN","CORN - ACRES PLANTED","TOTAL","NOT SPECIFIED","5,700,000",""
"SURVEY","2008","YEAR","","STATE","INDIANA","18","","","","","","","00000000","","SOYBEANS","SOYBEANS - ACRES PLANTED","TOTAL","NOT SPECIFIED","5,450,000",""
"SURVEY","2008","YEAR","","STATE","IOWA","19","","","","","","","00000000","","CORN","CORN - ACRES PLANTED","TOTAL","NOT SPECIFIED","13,300,000",""
"SURVEY","2008","YEAR","","STATE","IOWA","19","","","","","","","00000000","","SOYBEANS","SOYBEANS - ACRES PLANTED","TOTAL","NOT SPECIFIED","9,750,000",""
"SURVEY","2008","YEAR","","STATE","MINNESOTA","27","","","","","","","00000000","","CORN","CORN - ACRES PLANTED","TOTAL","NOT SPECIFIED","7,700,000",""
"SURVEY","2008","YEAR","","STATE","MINNESOTA","27","","","","","","","00000000","","SOYBEANS","SOYBEANS - ACRES PLANTED","TOTAL","NOT SPECIFIED","7,050,000",""
"SURVEY","2008","YEAR","","STATE","MISSOURI","29","","","","","","","00000000","","CORN","CORN - ACRES PLANTED","TOTAL","NOT SPECIFIED","2,800,000",""
"SURVEY","2008","YEAR","","STATE","MISSOURI","29","","","","","","","00000000","","SOYBEANS","SOYBEANS - ACRES PLANTED","TOTAL","NOT SPECIFIED","5,200,000",""
"SURVEY","2008","YEAR","","STATE","WISCONSIN","55","","","","","","","00000000","","CORN","CORN - ACRES PLANTED","TOTAL","NOT SPECIFIED","3,800,000",""
"SURVEY","2008","YEAR","","STATE","WISCONSIN","55","","","","","","","00000000","","SOYBEANS","SOYBEANS - ACRES PLANTED","TOTAL","NOT SPECIFIED","1,610,000",""
"SURVEY","2007","YEAR","","STATE","ILLINOIS","17","","","","","","","00000000","","CORN","CORN - ACRES PLANTED","TOTAL","NOT SPECIFIED","13,200,000",""
"SURVEY","2007","YEAR","","STATE","ILLINOIS","17","","","","","","","00000000","","SOYBEANS","SOYBEANS - ACRES PLANTED","TOTAL","NOT SPECIFIED","8,300,000",""
"SURVEY","2007","YEAR","","STATE","INDIANA","18","","","","","","","00000000","","CORN","CORN - ACRES PLANTED","TOTAL","NOT SPECIFIED","6,500,000",""
"SURVEY","2007","YEAR","","STATE","INDIANA","18","","","","","","","00000000","","SOYBEANS","SOYBEANS - ACRES PLANTED","TOTAL","NOT SPECIFIED","4,800,000",""
"SURVEY","2007","YEAR","","STATE","IOWA","19","","","","","","","00000000","","CORN","CORN - ACRES PLANTED","TOTAL","NOT SPECIFIED","14,200,000",""
"SURVEY","2007","YEAR","","STATE","IOWA","19","","","","","","","00000000","","SOYBEANS","SOYBEANS - ACRES PLANTED","TOTAL","NOT SPECIFIED","8,650,000",""
"SURVEY","2007","YEAR","","STATE","MINNESOTA","27","","","","","","","00000000","","CORN","CORN - ACRES PLANTED","TOTAL","NOT SPECIFIED","8,400,000",""
"SURVEY","2007","YEAR","","STATE","MINNESOTA","27","","","","","","","00000000","","SOYBEANS","SOYBEANS - ACRES PLANTED","TOTAL","NOT SPECIFIED","6,350,000",""
"SURVEY","2007","YEAR","","STATE","MISSOURI","29","","","","","","","00000000","","CORN","CORN - ACRES PLANTED","TOTAL","NOT SPECIFIED","3,450,000",""
"SURVEY","2007","YEAR","","STATE","MISSOURI","29","","","","","","","00000000","","SOYBEANS","SOYBEANS - ACRES PLANTED","TOTAL","NOT SPECIFIED","4,700,000",""
"SURVEY","2007","YEAR","","STATE","WISCONSIN","55","","","","","","","00000000","","CORN","CORN - ACRES PLANTED","TOTAL","NOT SPECIFIED","4,050,000",""
"SURVEY","2007","YEAR","","STATE","WISCONSIN","55","","","","","","","00000000","","SOYBEANS","SOYBEANS - ACRES PLANTED","TOTAL","NOT SPECIFIED","1,400,000",""
"SURVEY","2006","YEAR","","STATE","ILLINOIS","17","","","","","","","00000000","","CORN","CORN - ACRES PLANTED","TOTAL","NOT SPECIFIED","11,300,000",""
"SURVEY","2006","YEAR","","STATE","ILLINOIS","17","","","","","","","00000000","","SOYBEANS","SOYBEANS - ACRES PLANTED","TOTAL","NOT SPECIFIED","10,100,000",""
"SURVEY","2006","YEAR","","STATE","INDIANA","18","","","","","","","00000000","","CORN","CORN - ACRES PLANTED","TOTAL","NOT SPECIFIED","5,500,000",""
"SURVEY","2006","YEAR","","STATE","INDIANA","18","","","","","","","00000000","","SOYBEANS","SOYBEANS - ACRES PLANTED","TOTAL","NOT SPECIFIED","5,700,000",""
"SURVEY","2006","YEAR","","STATE","IOWA","19","","","","","","","00000000","","CORN","CORN - ACRES PLANTED","TOTAL","NOT SPECIFIED","12,600,000",""
"SURVEY","2006","YEAR","","STATE","IOWA","19","","","","","","","00000000","","SOYBEANS","SOYBEANS - ACRES PLANTED","TOTAL","NOT SPECIFIED","10,150,000",""
"SURVEY","2006","YEAR","","STATE","MINNESOTA","27","","","","","","","00000000","","CORN","CORN - ACRES PLANTED","TOTAL","NOT SPECIFIED","7,300,000",""
"SURVEY","2006","YEAR","","STATE","MINNESOTA","27","","","","","","","00000000","","SOYBEANS","SOYBEANS - ACRES PLANTED","TOTAL","NOT SPECIFIED","7,350,000",""
"SURVEY","2006","YEAR","","STATE","MISSOURI","29","","","","","","","00000000","","CORN","CORN - ACRES PLANTED","TOTAL","NOT SPECIFIED","2,700,000",""
"SURVEY","2006","YEAR","","STATE","MISSOURI","29","","","","","","","00000000","","SOYBEANS","SOYBEANS - ACRES PLANTED","TOTAL","NOT SPECIFIED","5,150,000",""
"SURVEY","2006","YEAR","","STATE","WISCONSIN","55","","","","","","","00000000","","CORN","CORN - ACRES PLANTED","TOTAL","NOT SPECIFIED","3,650,000",""
"SURVEY","2006","YEAR","","STATE","WISCONSIN","55","","","","","","","00000000","","SOYBEANS","SOYBEANS - ACRES PLANTED","TOTAL","NOT SPECIFIED","1,650,000",""
"SURVEY","2005","YEAR","","STATE","ILLINOIS","17","","","","","","","00000000","","CORN","CORN - ACRES PLANTED","TOTAL","NOT SPECIFIED","12,100,000",""
"SURVEY","2005","YEAR","","STATE","ILLINOIS","17","","","","","","","00000000","","SOYBEANS","SOYBEANS - ACRES PLANTED","TOTAL","NOT SPECIFIED","9,500,000",""
"SURVEY","2005","YEAR","","STATE","INDIANA","18","","","","","","","00000000","","CORN","CORN - ACRES PLANTED","TOTAL","NOT SPECIFIED","5,900,000",""
"SURVEY","2005","YEAR","","STATE","INDIANA","18","","","","","","","00000000","","SOYBEANS","SOYBEANS - ACRES PLANTED","TOTAL","NOT SPECIFIED","5,400,000",""
"SURVEY","2005","YEAR","","STATE","IOWA","19","","","","","","","00000000","","CORN","CORN - ACRES PLANTED","TOTAL","NOT SPECIFIED","12,800,000",""
"SURVEY","2005","YEAR","","STATE","IOWA","19","","","","","","","00000000","","SOYBEANS","SOYBEANS - ACRES PLANTED","TOTAL","NOT SPECIFIED","10,050,000",""
"SURVEY","2005","YEAR","","STATE","MINNESOTA","27","","","","","","","00000000","","CORN","CORN - ACRES PLANTED","TOTAL","NOT SPECIFIED","7,300,000",""
"SURVEY","2005","YEAR","","STATE","MINNESOTA","27","","","","","","","00000000","","SOYBEANS","SOYBEANS - ACRES PLANTED","TOTAL","NOT SPECIFIED","6,900,000",""
"SURVEY","2005","YEAR","","STATE","MISSOURI","29","","","","","","","00000000","","CORN","CORN - ACRES PLANTED","TOTAL","NOT SPECIFIED","3,100,000",""
"SURVEY","2005","YEAR","","STATE","MISSOURI","29","","","","","","","00000000","","SOYBEANS","SOYBEANS - ACRES PLANTED","TOTAL","NOT SPECIFIED","4,950,000",""
"SURVEY","2005","YEAR","","STATE","WISCONSIN","55","","","","","","","00000000","","CORN","CORN - ACRES PLANTED","TOTAL","NOT SPECIFIED","3,800,000",""
"SURVEY","2005","YEAR","","STATE","WISCONSIN","55","","","","","","","00000000","","SOYBEANS","SOYBEANS - ACRES PLANTED","TOTAL","NOT SPECIFIED","1,610,000",""
"SURVEY","2004","YEAR","","STATE","ILLINOIS","17","","","","","","","00000000","","CORN","CORN - ACRES PLANTED","TOTAL","NOT SPECIFIED","11,750,000",""
"SURVEY","2004","YEAR","","STATE","ILLINOIS","17","","","","","","","00000000","","SOYBEANS","SOYBEANS - ACRES PLANTED","TOTAL","NOT SPECIFIED","9,950,000",""
"SURVEY","2004","YEAR","","STATE","INDIANA","18","","","","","","","00000000","","CORN","CORN - ACRES PLANTED","TOTAL","NOT SPECIFIED","5,700,000",""
"SURVEY","2004","YEAR","","STATE","INDIANA","18","","","","","","","00000000","","SOYBEANS","SOYBEANS - ACRES PLANTED","TOTAL","NOT SPECIFIED","5,550,000",""
"SURVEY","2004","YEAR","","STATE","IOWA","19","","","","","","","00000000","","CORN","CORN - ACRES PLANTED","TOTAL","NOT SPECIFIED","12,700,000",""
"SURVEY","2004","YEAR","","STATE","IOWA","19","","","","","","","00000000","","SOYBEANS","SOYBEANS - ACRES PLANTED","TOTAL","NOT SPECIFIED","10,200,000",""
"SURVEY","2004","YEAR","","STATE","MINNESOTA","27","","","","","","","00000000","","CORN","CORN - ACRES PLANTED","TOTAL","NOT SPECIFIED","7,500,000",""
"SURVEY","2004","YEAR","","STATE","MINNESOTA","27","","","","","","","00000000","","SOYBEANS","SOYBEANS - ACRES PLANTED","TOTAL","NOT SPECIFIED","7,300,000",""
"SURVEY","2004","YEAR","","STATE","MISSOURI","29","","","","","","","00000000","","CORN","CORN - ACRES PLANTED","TOTAL","NOT SPECIFIED","2,950,000",""
"SURVEY","2004","YEAR","","STATE","MISSOURI","29","","","","","","","00000000","","SOYBEANS","SOYBEANS - ACRES PLANTED","TOTAL","NOT SPECIFIED","5,000,000",""
"SURVEY","2004","YEAR","","STATE","WISCONSIN","55","","","","","","","00000000","","CORN","CORN - ACRES PLANTED","TOTAL","NOT SPECIFIED","3,600,000",""
"SURVEY","2004","YEAR","","STATE","WISCONSIN","55","","","","","","","00000000","","SOYBEANS","SOYBEANS - ACRES PLANTED","TOTAL","NOT SPECIFIED","1,600,000",""
"SURVEY","2003","YEAR","","STATE","ILLINOIS","17","","","","","","","00000000","","CORN","CORN - ACRES PLANTED","TOTAL","NOT SPECIFIED","11,200,000",""
"SURVEY","2003","YEAR","","STATE","ILLINOIS","17","","","","","","","00000000","","SOYBEANS","SOYBEANS - ACRES PLANTED","TOTAL","NOT SPECIFIED","10,300,000",""
"SURVEY","2003","YEAR","","STATE","INDIANA","18","","","","","","","00000000","","CORN","CORN - ACRES PLANTED","TOTAL","NOT SPECIFIED","5,600,000",""
"SURVEY","2003","YEAR","","STATE","INDIANA","18","","","","","","","00000000","","SOYBEANS","SOYBEANS - ACRES PLANTED","TOTAL","NOT SPECIFIED","5,450,000",""
"SURVEY","2003","YEAR","","STATE","IOWA","19","","","","","","","00000000","","CORN","CORN - ACRES PLANTED","TOTAL","NOT SPECIFIED","12,300,000",""
"SURVEY","2003","YEAR","","STATE","IOWA","19","","","","","","","00000000","","SOYBEANS","SOYBEANS - ACRES PLANTED","TOTAL","NOT SPECIFIED","10,600,000",""
"SURVEY","2003","YEAR","","STATE","MINNESOTA","27","","","","","","","00000000","","CORN","CORN - ACRES PLANTED","TOTAL","NOT SPECIFIED","7,200,000",""
"SURVEY","2003","YEAR","","STATE","MINNESOTA","27","","","","","","","00000000","","SOYBEANS","SOYBEANS - ACRES PLANTED","TOTAL","NOT SPECIFIED","7,500,000",""
"SURVEY","2003","YEAR","","STATE","MISSOURI","29","","","","","","","00000000","","CORN","CORN - ACRES PLANTED","TOTAL","NOT SPECIFIED","2,900,000",""
"SURVEY","2003","YEAR","","STATE","MISSOURI","29","","","","","","","00000000","","SOYBEANS","SOYBEANS - ACRES PLANTED","TOTAL","NOT SPECIFIED","5,000,000",""
"SURVEY","2003","YEAR","","STATE","WISCONSIN","55","","","","","","","00000000","","CORN","CORN - ACRES PLANTED","TOTAL","NOT SPECIFIED","3,750,000",""
"SURVEY","2003","YEAR","","STATE","WISCONSIN","55","","","","","","","00000000","","SOYBEANS","SOYBEANS - ACRES PLANTED","TOTAL","NOT SPECIFIED","1,720,000",""
"SURVEY","2002","YEAR","","STATE","ILLINOIS","17","","","","","","","00000000","","CORN","CORN - ACRES PLANTED","TOTAL","NOT SPECIFIED","11,100,000",""
"SURVEY","2002","YEAR","","STATE","ILLINOIS","17","","","","","","","00000000","","SOYBEANS","SOYBEANS - ACRES PLANTED","TOTAL","NOT SPECIFIED","10,600,000",""
"SURVEY","2002","YEAR","","STATE","INDIANA","18","","","","","","","00000000","","CORN","CORN - ACRES PLANTED","TOTAL","NOT SPECIFIED","5,400,000",""
"SURVEY","2002","YEAR","","STATE","INDIANA","18","","","","","","","00000000","","SOYBEANS","SOYBEANS - ACRES PLANTED","TOTAL","NOT SPECIFIED","5,800,000",""
"SURVEY","2002","YEAR","","STATE","IOWA","19","","","","","","","00000000","","CORN","CORN - ACRES PLANTED","TOTAL","NOT SPECIFIED","12,200,000",""
"SURVEY","2002","YEAR","","STATE","IOWA","19","","","","","","","00000000","","SOYBEANS","SOYBEANS - ACRES PLANTED","TOTAL","NOT SPECIFIED","10,450,000",""
"SURVEY","2002","YEAR","","STATE","MINNESOTA","27","","","","","","","00000000","","CORN","CORN - ACRES PLANTED","TOTAL","NOT SPECIFIED","7,200,000",""
"SURVEY","2002","YEAR","","STATE","MINNESOTA","27","","","","","","","00000000","","SOYBEANS","SOYBEANS - ACRES PLANTED","TOTAL","NOT SPECIFIED","7,200,000",""
"SURVEY","2002","YEAR","","STATE","MISSOURI","29","","","","","","","00000000","","CORN","CORN - ACRES PLANTED","TOTAL","NOT SPECIFIED","2,800,000",""
"SURVEY","2002","YEAR","","STATE","MISSOURI","29","","","","","","","00000000","","SOYBEANS","SOYBEANS - ACRES PLANTED","TOTAL","NOT SPECIFIED","5,050,000",""
"SURVEY","2002","YEAR","","STATE","WISCONSIN","55","","","","","","","00000000","","CORN","CORN - ACRES PLANTED","TOTAL","NOT SPECIFIED","3,650,000",""
"SURVEY","2002","YEAR","","STATE","WISCONSIN","55","","","","","","","00000000","","SOYBEANS","SOYBEANS - ACRES PLANTED","TOTAL","NOT SPECIFIED","1,540,000",""
"SURVEY","2001","YEAR","","STATE","ILLINOIS","17","","","","","","","00000000","","CORN","CORN - ACRES PLANTED","TOTAL","NOT SPECIFIED","11,000,000",""
"SURVEY","2001","YEAR","","STATE","ILLINOIS","17","","","","","","","00000000","","SOYBEANS","SOYBEANS - ACRES PLANTED","TOTAL","NOT SPECIFIED","10,700,000",""
"SURVEY","2001","YEAR","","STATE","INDIANA","18","","","","","","","00000000","","CORN","CORN - ACRES PLANTED","TOTAL","NOT SPECIFIED","5,800,000",""
"SURVEY","2001","YEAR","","STATE","INDIANA","18","","","","","","","00000000","","SOYBEANS","SOYBEANS - ACRES PLANTED","TOTAL","NOT SPECIFIED","5,600,000",""
"SURVEY","2001","YEAR","","STATE","IOWA","19","","","","","","","00000000","","CORN","CORN - ACRES PLANTED","TOTAL","NOT SPECIFIED","11,700,000",""
"SURVEY","2001","YEAR","","STATE","IOWA","19","","","","","","","00000000","","SOYBEANS","SOYBEANS - ACRES PLANTED","TOTAL","NOT SPECIFIED","11,000,000",""
"SURVEY","2001","YEAR","","STATE","MINNESOTA","27","","","","","","","00000000","","CORN","CORN - ACRES PLANTED","TOTAL","NOT SPECIFIED","6,800,000",""
"SURVEY","2001","YEAR","","STATE","MINNESOTA","27","","","","","","","00000000","","SOYBEANS","SOYBEANS - ACRES PLANTED","TOTAL","NOT SPECIFIED","7,300,000",""
"SURVEY","2001","YEAR","","STATE","MISSOURI","29","","","","","","","00000000","","CORN","CORN - ACRES PLANTED","TOTAL","NOT SPECIFIED","2,700,000",""
"SURVEY","2001","YEAR","","STATE","MISSOURI","29","","","","","","","00000000","","SOYBEANS","SOYBEANS - ACRES PLANTED","TOTAL","NOT SPECIFIED","4,950,000",""
"SURVEY","2001","YEAR","","STATE","WISCONSIN","55","","","","","","","00000000","","CORN","CORN - ACRES PLANTED","TOTAL","NOT SPECIFIED","3,400,000",""
"SURVEY","2001","YEAR","","STATE","WISCONSIN","55","","","","","","","00000000","","SOYBEANS","SOYBEANS - ACRES PLANTED","TOTAL","NOT SPECIFIED","1,600,000",""
"SURVEY","2000","YEAR","","STATE","ILLINOIS","17","","","","","","","00000000","","CORN","CORN - ACRES PLANTED","TOTAL","NOT SPECIFIED","11,200,000",""
"SURVEY","2000","YEAR","","STATE","ILLINOIS","17","","","","","","","00000000","","SOYBEANS","SOYBEANS - ACRES PLANTED","TOTAL","NOT SPECIFIED","10,500,000",""
"SURVEY","2000","YEAR","","STATE","INDIANA","18","","","","","","","00000000","","CORN","CORN - ACRES PLANTED","TOTAL","NOT SPECIFIED","5,700,000",""
"SURVEY","2000","YEAR","","STATE","INDIANA","18","","","","","","","00000000","","SOYBEANS","SOYBEANS - ACRES PLANTED","TOTAL","NOT SPECIFIED","5,500,000",""
"SURVEY","2000","YEAR","","STATE","IOWA","19","","","","","","","00000000","","CORN","CORN - ACRES PLANTED","TOTAL","NOT SPECIFIED","12,300,000",""
"SURVEY","2000","YEAR","","STATE","IOWA","19","","","","","","","00000000","","SOYBEANS","SOYBEANS - ACRES PLANTED","TOTAL","NOT SPECIFIED","10,700,000",""
"SURVEY","2000","YEAR","","STATE","MINNESOTA","27","","","","","","","00000000","","CORN","CORN - ACRES PLANTED","TOTAL","NOT SPECIFIED","7,200,000",""
"SURVEY","2000","YEAR","","STATE","MINNESOTA","27","","","","","","","00000000","","SOYBEANS","SOYBEANS - ACRES PLANTED","TOTAL","NOT SPECIFIED","7,300,000",""
"SURVEY","2000","YEAR","","STATE","MISSOURI","29","","","","","","","00000000","","CORN","CORN - ACRES PLANTED","TOTAL","NOT SPECIFIED","2,850,000",""
"SURVEY","2000","YEAR","","STATE","MISSOURI","29","","","","","","","00000000","","SOYBEANS","SOYBEANS - ACRES PLANTED","TOTAL","NOT SPECIFIED","5,150,000",""
"SURVEY","2000","YEAR","","STATE","WISCONSIN","55","","","","","","","00000000","","CORN","CORN - ACRES PLANTED","TOTAL","NOT SPECIFIED","3,500,000",""
"SURVEY","2000","YEAR","","STATE","WISCONSIN","55","","","","","","","00000000","","SOYBEANS","SOYBEANS - ACRES PLANTED","TOTAL","NOT SPECIFIED","1,550,000",""
"SURVEY","1999","YEAR","","STATE","ILLINOIS","17","","","","","","","00000000","","CORN","CORN - ACRES PLANTED","TOTAL","NOT SPECIFIED","10,800,000",""
"SURVEY","1999","YEAR","","STATE","ILLINOIS","17","","","","","","","00000000","","SOYBEANS","SOYBEANS - ACRES PLANTED","TOTAL","NOT SPECIFIED","10,600,000",""
"SURVEY","1999","YEAR","","STATE","INDIANA","18","","","","","","","00000000","","CORN","CORN - ACRES PLANTED","TOTAL","NOT SPECIFIED","5,800,000",""
"SURVEY","1999","YEAR","","STATE","INDIANA","18","","","","","","","00000000","","SOYBEANS","SOYBEANS - ACRES PLANTED","TOTAL","NOT SPECIFIED","5,600,000",""
"SURVEY","1999","YEAR","","STATE","IOWA","19","","","","","","","00000000","","CORN","CORN - ACRES PLANTED","TOTAL","NOT SPECIFIED","12,100,000",""
"SURVEY","1999","YEAR","","STATE","IOWA","19","","","","","","","00000000","","SOYBEANS","SOYBEANS - ACRES PLANTED","TOTAL","NOT SPECIFIED","10,800,000",""
"SURVEY","1999","YEAR","","STATE","MINNESOTA","27","","","","","","","00000000","","CORN","CORN - ACRES PLANTED","TOTAL","NOT SPECIFIED","7,100,000",""
"SURVEY","1999","YEAR","","STATE","MINNESOTA","27","","","","","","","00000000","","SOYBEANS","SOYBEANS - ACRES PLANTED","TOTAL","NOT SPECIFIED","7,000,000",""
"SURVEY","1999","YEAR","","STATE","MISSOURI","29","","","","","","","00000000","","CORN","CORN - ACRES PLANTED","TOTAL","NOT SPECIFIED","2,650,000",""
"SURVEY","1999","YEAR","","STATE","MISSOURI","29","","","","","","","00000000","","SOYBEANS","SOYBEANS - ACRES PLANTED","TOTAL","NOT SPECIFIED","5,400,000",""
"SURVEY","1999","YEAR","","STATE","WISCONSIN","55","","","","","","","00000000","","CORN","CORN - ACRES PLANTED","TOTAL","NOT SPECIFIED","3,600,000",""
"SURVEY","1999","YEAR","","STATE","WISCONSIN","55","","","","","","","00000000","","SOYBEANS","SOYBEANS - ACRES PLANTED","TOTAL","NOT SPECIFIED","1,350,000",""
"SURVEY","1998","YEAR","","STATE","ILLINOIS","17","","","","","","","00000000","","CORN","CORN - ACRES PLANTED","TOTAL","NOT SPECIFIED","10,600,000",""
"SURVEY","1998","YEAR","","STATE","ILLINOIS","17","","","","","","","00000000","","SOYBEANS","SOYBEANS - ACRES PLANTED","TOTAL","NOT SPECIFIED","10,600,000",""
"SURVEY","1998","YEAR","","STATE","INDIANA","18","","","","","","","00000000","","CORN","CORN - ACRES PLANTED","TOTAL","NOT SPECIFIED","5,800,000",""
"SURVEY","1998","YEAR","","STATE","INDIANA","18","","","","","","","00000000","","SOYBEANS","SOYBEANS - ACRES PLANTED","TOTAL","NOT SPECIFIED","5,600,000",""
"SURVEY","1998","YEAR","","STATE","IOWA","19","","","","","","","00000000","","CORN","CORN - ACRES PLANTED","TOTAL","NOT SPECIFIED","12,500,000",""
"SURVEY","1998","YEAR","","STATE","IOWA","19","","","","","","","00000000","","SOYBEANS","SOYBEANS - ACRES PLANTED","TOTAL","NOT SPECIFIED","10,400,000",""
"SURVEY","1998","YEAR","","STATE","MINNESOTA","27","","","","","","","00000000","","CORN","CORN - ACRES PLANTED","TOTAL","NOT SPECIFIED","7,300,000",""
"SURVEY","1998","YEAR","","STATE","MINNESOTA","27","","","","","","","00000000","","SOYBEANS","SOYBEANS - ACRES PLANTED","TOTAL","NOT SPECIFIED","6,900,000",""
"SURVEY","1998","YEAR","","STATE","MISSOURI","29","","","","","","","00000000","","CORN","CORN - ACRES PLANTED","TOTAL","NOT SPECIFIED","2,650,000",""
"SURVEY","1998","YEAR","","STATE","MISSOURI","29","","","","","","","00000000","","SOYBEANS","SOYBEANS - ACRES PLANTED","TOTAL","NOT SPECIFIED","5,100,000",""
"SURVEY","1998","YEAR","","STATE","WISCONSIN","55","","","","","","","00000000","","CORN","CORN - ACRES PLANTED","TOTAL","NOT SPECIFIED","3,700,000",""
"SURVEY","1998","YEAR","","STATE","WISCONSIN","55","","","","","","","00000000","","SOYBEANS","SOYBEANS - ACRES PLANTED","TOTAL","NOT SPECIFIED","1,150,000",""
"SURVEY","1997","YEAR","","STATE","ILLINOIS","17","","","","","","","00000000","","CORN","CORN - ACRES PLANTED","TOTAL","NOT SPECIFIED","11,200,000",""
"SURVEY","1997","YEAR","","STATE","ILLINOIS","17","","","","","","","00000000","","SOYBEANS","SOYBEANS - ACRES PLANTED","TOTAL","NOT SPECIFIED","10,000,000",""
"SURVEY","1997","YEAR","","STATE","INDIANA","18","","","","","","","00000000","","CORN","CORN - ACRES PLANTED","TOTAL","NOT SPECIFIED","5,900,000",""
"SURVEY","1997","YEAR","","STATE","INDIANA","18","","","","","","","00000000","","SOYBEANS","SOYBEANS - ACRES PLANTED","TOTAL","NOT SPECIFIED","5,350,000",""
"SURVEY","1997","YEAR","","STATE","IOWA","19","","","","","","","00000000","","CORN","CORN - ACRES PLANTED","TOTAL","NOT SPECIFIED","12,200,000",""
"SURVEY","1997","YEAR","","STATE","IOWA","19","","","","","","","00000000","","SOYBEANS","SOYBEANS - ACRES PLANTED","TOTAL","NOT SPECIFIED","10,500,000",""
"SURVEY","1997","YEAR","","STATE","MINNESOTA","27","","","","","","","00000000","","CORN","CORN - ACRES PLANTED","TOTAL","NOT SPECIFIED","7,000,000",""
"SURVEY","1997","YEAR","","STATE","MINNESOTA","27","","","","","","","00000000","","SOYBEANS","SOYBEANS - ACRES PLANTED","TOTAL","NOT SPECIFIED","6,600,000",""
"SURVEY","1997","YEAR","","STATE","MISSOURI","29","","","","","","","00000000","","CORN","CORN - ACRES PLANTED","TOTAL","NOT SPECIFIED","2,700,000",""
"SURVEY","1997","YEAR","","STATE","MISSOURI","29","","","","","","","00000000","","SOYBEANS","SOYBEANS - ACRES PLANTED","TOTAL","NOT SPECIFIED","4,900,000",""
"SURVEY","1997","YEAR","","STATE","WISCONSIN","55","","","","","","","00000000","","CORN","CORN - ACRES PLANTED","TOTAL","NOT SPECIFIED","3,850,000",""
"SURVEY","1997","YEAR","","STATE","WISCONSIN","55","","","","","","","00000000","","SOYBEANS","SOYBEANS - ACRES PLANTED","TOTAL","NOT SPECIFIED","1,040,000",""
